id,name,email
1,something,something
2,something,something
3,something,something
4,something,something
5,something,something
6,something,something
7,something,something
8,something,something
9,something,something
10,something,something
11,something,something
12,something,something
13,something,something
14,something,something
15,something,something
16,something,something
17,something,something
18,something,something
19,something,something
20,something,something
21,something,something
22,something,something
23,something,something
24,something,something
25,something,something
26,something,something
27,something,something
28,something,something
29,something,something
30,something,something
31,something,something
32,something,something
33,something,something
34,something,something
35,something,something
36,something,something
37,something,something
38,something,something
39,something,something
40,something,something